{
  "ModDisplayName": "NoOutlines",
  "ModVersion": "1.0",
  "ModAuthor": "changemymindpls1",
  "ModCompatibility": "The_Walking_Dead_Definitive_Edition",
  "ModFiles": [
    "WDC_pc_WalkingDead401_data_NoOutlines.ttarch2",
    "_resdesc_50_WalkingDead401_NoOutlines.lua",
    "WDC_pc_WalkingDead402_data_NoOutlines.ttarch2",
    "_resdesc_50_WalkingDead402_NoOutlines.lua",
    "WDC_pc_WalkingDead403_data_NoOutlines.ttarch2",
    "_resdesc_50_WalkingDead403_NoOutlines.lua",
    "WDC_pc_WalkingDead404_data_NoOutlines.ttarch2",
    "_resdesc_50_WalkingDead404_NoOutlines.lua"
  ]
}